PARTICIPANT_ID,Status
mmdt2024.001,In progress
mmdt2024.002,In progress
mmdt2024.003,In progress
mmdt2024.004,In progress
mmdt2024.005,In progress
mmdt2024.006,In progress
mmdt2024.007,In progress
mmdt2024.008,In progress
mmdt2024.009,In progress
mmdt2024.010,In progress
mmdt2024.011,In progress
mmdt2024.012,In progress
mmdt2024.013,Drop Out
mmdt2024.014,In progress
mmdt2024.015,In progress
mmdt2024.016,Drop Out
mmdt2024.017,In progress
mmdt2024.018,In progress
mmdt2024.019,In progress
mmdt2024.020,Drop Out
mmdt2024.021,In progress
mmdt2024.022,In progress
mmdt2024.023,In progress
mmdt2024.024,In progress
mmdt2024.025,In progress
mmdt2024.026,In progress
mmdt2024.027,In progress
mmdt2024.028,Drop Out
mmdt2024.029,In progress
mmdt2024.030,In progress
mmdt2024.031,In progress
mmdt2024.032,In progress
mmdt2024.033,Drop Out
mmdt2024.034,In progress
mmdt2024.035,In progress
mmdt2024.036,In progress
mmdt2024.037,In progress
mmdt2024.038,In progress
mmdt2024.039,In progress
mmdt2024.040,In progress
mmdt2024.041,In progress
mmdt2024.042,In progress
mmdt2024.043,In progress
mmdt2024.044,In progress
mmdt2024.045,In progress
mmdt2024.046,In progress
mmdt2024.047,Drop Out
mmdt2024.048,In progress
mmdt2024.049,In progress
mmdt2024.050,In progress
mmdt2024.051,Drop Out
mmdt2024.052,In progress
mmdt2024.053,In progress
mmdt2024.054,In progress
mmdt2024.055,In progress
mmdt2024.056,Drop Out
mmdt2024.057,In progress
mmdt2024.058,Drop Out
mmdt2024.059,Drop Out
mmdt2024.060,In progress
mmdt2024.061,Drop Out
mmdt2024.062,In progress
mmdt2024.063,In progress
mmdt2024.064,In progress
mmdt2024.065,In progress
mmdt2024.066,Drop Out
mmdt2024.067,In progress
mmdt2024.068,In progress
mmdt2024.069,In progress
mmdt2024.070,In progress
mmdt2024.071,In progress
mmdt2024.072,In progress
mmdt2024.073,In progress
mmdt2024.074,Drop Out
mmdt2024.075,In progress
mmdt2024.076,In progress
mmdt2024.077,Drop Out
mmdt2024.078,In progress
mmdt2024.079,In progress
mmdt2024.080,Drop Out
mmdt2024.081,In progress
mmdt2024.082,In progress
mmdt2024.083,In progress
mmdt2024.084,Drop Out
mmdt2024.085,In progress
mmdt2024.086,In progress
mmdt2024.087,In progress
mmdt2024.088,Drop Out
mmdt2024.089,In progress
mmdt2024.090,Delayed with Valid Reason
mmdt2024.091,In progress
mmdt2024.092,Drop Out
mmdt2024.093,In progress
mmdt2024.094,In progress
mmdt2024.095,In progress
mmdt2024.096,Drop Out
mmdt2024.097,Drop Out
mmdt2024.098,In progress
mmdt2024.099,In progress
mmdt2024.100,Delayed with Valid Reason
